MoleculeId,PredictedProbability
1,0.9083333333333334
2,0.9716666666666666
3,0.47166666666666673
4,0.9358333333333334
5,0.13589285714285715
6,0.604
7,0.9323333333333333
8,0.6766666666666667
9,0.945
10,0.3939047619047619
11,0.40449999999999997
12,0.6881666666666668
13,0.8533333333333333
14,0.3543333333333334
15,0.34166666666666673
16,0.12583333333333332
17,0.19666666666666666
18,0.18966666666666665
19,0.46649999999999997
20,0.8931666666666668
21,0.07616666666666666
22,0.8833333333333333
23,0.9241666666666666
24,0.9675
25,0.7103333333333333
26,0.6746666666666665
27,0.04499999999999999
28,0.11500000000000002
29,0.03833333333333333
30,0.49916666666666665
31,0.315
32,0.07833333333333332
33,0.7943333333333332
34,0.34
35,0.30633333333333335
36,0.9473333333333334
37,0.8116666666666668
38,0.7249999999999999
39,0.93
40,0.9536666666666666
41,0.42300000000000004
42,0.15007142857142858
43,0.6396666666666666
44,0.8965
45,0.09916666666666667
46,0.5413333333333333
47,0.7759999999999999
48,0.4591666666666667
49,0.9458333333333334
50,0.6755
51,0.7125
52,0.10733333333333332
53,0.5521666666666666
54,0.15833333333333333
55,0.09166666666666666
56,0.86
57,0.9508333333333333
58,0.8341666666666667
59,0.9790000000000001
60,0.6563333333333332
61,0.8188333333333333
62,0.799
63,0.3553333333333334
64,0.2074047619047619
65,0.2733333333333333
66,0.2856666666666667
67,0.2475
68,0.2513095238095238
69,0.2411428571428572
70,0.2925
71,0.875
72,0.5158333333333334
73,0.8086666666666668
74,0.9041666666666667
75,0.2523333333333333
76,0.2648333333333333
77,0.9298333333333333
78,0.5125
79,0.8451666666666666
80,0.28366666666666673
81,0.3125
82,0.275
83,0.11
84,0.06333333333333332
85,0.7980000000000002
86,0.6626666666666668
87,0.36166666666666664
88,0.91
89,0.7466666666666667
90,0.5061904761904761
91,0.789
92,0.6138333333333335
93,0.14916666666666667
94,0.11800000000000001
95,0.6541666666666667
96,0.14583333333333331
97,0.7139047619047619
98,0.7348333333333332
99,0.9343333333333332
100,0.9186666666666667
101,0.47833333333333333
102,0.985
103,0.6574047619047618
104,0.4697619047619048
105,0.31499999999999995
106,0.20333333333333337
107,0.7290833333333334
108,0.6756666666666666
109,0.917
110,0.1535
111,0.6821428571428573
112,0.6403333333333333
113,0.11333333333333334
114,0.8008333333333334
115,0.846547619047619
116,0.04190476190476191
117,0.7643333333333334
118,0.2046666666666667
119,0.8341666666666666
120,0.17933333333333334
121,0.27416666666666667
122,0.025
123,0.9241666666666667
124,0.418
125,0.5564444444444445
126,0.30683333333333335
127,0.5408333333333334
128,0.4966666666666667
129,0.25416666666666665
130,0.11150000000000002
131,0.003333333333333333
132,0.4624999999999999
133,0.07333333333333333
134,0.9519047619047619
135,0.6208333333333333
136,0.983
137,0.069
138,0.7425
139,0.7359285714285714
140,0.925
141,0.7608333333333333
142,0.8876666666666666
143,0.905
144,0.2875
145,0.8721666666666666
146,0.04
147,0.7823333333333332
148,0.8983333333333334
149,0.5191666666666667
150,0.18
151,0.015
152,0.48699999999999993
153,0.5853333333333334
154,0.9508333333333332
155,0.9455
156,0.8661666666666668
157,0.6706666666666667
158,0.9616666666666667
159,0.5886666666666667
160,0.04833333333333333
161,0.5425
162,0.0075
163,0.16833333333333333
164,0.9916666666666666
165,0.87
166,0.4308333333333333
167,0.6423333333333333
168,0.7848333333333334
169,0.4569047619047619
170,0.819
171,0.8841666666666665
172,0.9233333333333335
173,0.3736666666666666
174,0.7638333333333333
175,0.1
176,0.6933333333333335
177,0.1675
178,0.11433333333333334
179,0.4956666666666667
180,0.24583333333333332
181,0.42444444444444435
182,0.84
183,0.7321666666666666
184,0.12083333333333332
185,0.9
186,0.5533333333333335
187,0.9646666666666666
188,0.39599999999999996
189,0.9658333333333333
190,0.5116666666666667
191,0.085
192,0.6096666666666668
193,0.055
194,0.6874999999999999
195,0.97
196,0.37847619047619047
197,0.995
198,0.7322380952380952
199,0.37483333333333335
200,0.3443333333333333
201,0.9605
202,0.3081666666666667
203,0.4365
204,0.16166666666666665
205,0.9058333333333333
206,0.7083333333333333
207,0.4931666666666667
208,0.8508333333333334
209,0.7374285714285714
210,0.20166666666666663
211,0.895
212,0.9016666666666666
213,0.9283333333333335
214,0.047
215,0.7204999999999999
216,0.9308333333333334
217,0.7116666666666667
218,0.6266666666666667
219,0.5161666666666668
220,0.26849999999999996
221,0.7608333333333335
222,0.27166666666666667
223,0.28275
224,0.9766666666666667
225,0.4091666666666666
226,0.25916666666666666
227,0.26466666666666666
228,0.955
229,0.30833333333333335
230,0.43066666666666664
231,0.7313333333333334
232,0.9608333333333333
233,0.7375000000000002
234,0.3048333333333333
235,0.8291666666666667
236,0.8486666666666668
237,0.47416666666666674
238,0.2366666666666667
239,0.9349999999999998
240,0.8733333333333333
241,0.23083333333333333
242,0.01
243,0.8489999999999999
244,0.5375000000000001
245,0.2833333333333334
246,0.9633333333333334
247,0.12
248,0.045
249,0.8841666666666668
250,0.1706666666666667
251,0.6648333333333332
252,0.6141666666666665
253,0.4795
254,0.7133333333333333
255,0.9590000000000001
256,0.6091666666666666
257,0.12633333333333333
258,0.39416666666666667
259,0.385
260,0.04466666666666667
261,0.3896666666666666
262,0.15166666666666667
263,0.2866666666666667
264,0.5008333333333335
265,0.21041666666666664
266,0.9345
267,0.684
268,0.11583333333333334
269,0.4928333333333334
270,0.9059999999999999
271,0.9276666666666668
272,0.9273333333333333
273,0.6391666666666667
274,0.47100000000000003
275,0.2633333333333333
276,0.16
277,0.9175
278,0.3426190476190476
279,0.8221666666666667
280,0.425
281,0.10499999999999998
282,0.8375000000000001
283,0.73
284,0.005
285,0.7595000000000001
286,0.9325
287,0.84875
288,0.8318333333333332
289,0.9458333333333333
290,0.1708333333333333
291,0.199
292,0.4106666666666667
293,0.5533333333333332
294,0.6925
295,0.006666666666666666
296,0.3456666666666666
297,0.0
298,0.5503333333333333
299,0.8816666666666667
300,0.7453333333333334
301,0.8758333333333332
302,0.20166666666666663
303,0.8408333333333334
304,0.8010714285714284
305,0.8891666666666667
306,0.8675
307,0.2736111111111111
308,0.7508333333333335
309,0.4731666666666666
310,0.8583333333333334
311,0.93
312,0.6826666666666668
313,0.7328333333333333
314,0.09166666666666666
315,0.6943333333333334
316,0.3696666666666667
317,0.985
318,0.2395
319,0.22333333333333333
320,0.035
321,0.29083333333333333
322,0.7108333333333334
323,0.9
324,0.16699999999999998
325,0.16325
326,0.9166666666666667
327,0.99
328,0.9783333333333333
329,0.47083333333333327
330,0.5441666666666667
331,0.6745
332,0.8883333333333333
333,0.5308333333333334
334,0.4116666666666666
335,0.718
336,0.6683333333333333
337,0.8263333333333334
338,0.10233333333333333
339,0.03
340,0.94
341,0.9784999999999999
342,0.7475
343,0.08666666666666666
344,0.44
345,0.7533333333333333
346,0.8836666666666667
347,0.11166666666666666
348,0.31783333333333336
349,0.2633333333333333
350,0.49583333333333335
351,0.1703333333333333
352,0.7516666666666667
353,0.6873333333333334
354,0.3275
355,0.7848333333333334
356,0.6863333333333332
357,0.7366666666666666
358,0.16273809523809527
359,0.055
360,0.935
361,0.6191666666666668
362,0.6858333333333334
363,0.98
364,0.4618333333333333
365,0.8916666666666667
366,0.86
367,0.7290000000000001
368,0.3041666666666667
369,0.03
370,0.14800000000000002
371,0.8416666666666666
372,0.3155
373,0.6240000000000001
374,0.11666666666666665
375,0.7254999999999999
376,0.8900000000000001
377,0.6861666666666667
378,0.7929999999999999
379,0.955
380,0.17833333333333334
381,0.8865
382,0.9108333333333333
383,0.995
384,0.4665000000000001
385,0.945
386,0.6966666666666665
387,0.15
388,0.035
389,0.0275
390,0.8258333333333334
391,0.6716666666666667
392,0.423
393,0.7316666666666667
394,0.7265
395,0.9555
396,0.09833333333333333
397,0.3785
398,0.0825
399,0.8058333333333333
400,0.8633333333333334
401,0.945
402,0.6833333333333332
403,0.08166666666666667
404,0.8963333333333334
405,0.6771666666666667
406,0.049
407,0.9516666666666667
408,0.6346666666666666
409,0.12500000000000003
410,0.508
411,0.8116666666666665
412,0.8918333333333333
413,0.9175
414,0.2821666666666667
415,0.8005
416,0.9475
417,0.31316666666666665
418,0.4785238095238096
419,0.5766666666666667
420,0.365
421,0.2045
422,0.5883333333333334
423,0.7580833333333333
424,0.6681666666666666
425,0.9523333333333334
426,0.12416666666666666
427,0.905
428,0.8358333333333334
429,0.7583333333333334
430,0.262
431,0.7658333333333333
432,0.7133333333333333
433,0.42333333333333334
434,0.11825000000000001
435,0.38916666666666655
436,0.04666666666666666
437,0.4985
438,0.5708333333333333
439,0.029999999999999995
440,0.15666666666666668
441,0.6331666666666667
442,0.9233333333333335
443,0.9033333333333333
444,0.021666666666666664
445,0.8373333333333332
446,0.9116666666666667
447,0.28
448,0.11083333333333333
449,0.08333333333333334
450,0.9141666666666667
451,0.5516666666666666
452,0.6779999999999999
453,0.2783333333333334
454,0.8661666666666668
455,0.6428333333333334
456,0.8131666666666668
457,0.35383333333333333
458,0.7858333333333334
459,0.15408333333333335
460,0.5436666666666666
461,0.444
462,0.9025
463,0.7108333333333334
464,0.9083333333333334
465,0.8803333333333333
466,0.33116666666666666
467,0.16333333333333333
468,0.627
469,0.6641666666666666
470,0.49000000000000005
471,0.06366666666666668
472,0.9966666666666667
473,0.19450000000000003
474,0.5903333333333333
475,0.4260714285714286
476,0.16908333333333336
477,0.8208333333333334
478,0.3738333333333334
479,0.21566666666666667
480,0.11416666666666668
481,0.35950000000000004
482,0.3048333333333333
483,0.6214166666666666
484,0.8899999999999999
485,0.22214285714285714
486,0.84
487,0.3326666666666667
488,0.36373809523809525
489,0.7508333333333332
490,0.6446904761904761
491,0.049166666666666664
492,0.5916666666666667
493,0.6839999999999999
494,0.8520833333333333
495,0.5106666666666666
496,0.8316666666666666
497,0.3125
498,0.30916666666666665
499,0.32616666666666666
500,0.1425
501,0.8354047619047619
502,0.7913333333333332
503,0.6459999999999999
504,0.11083333333333333
505,0.7500714285714285
506,0.6839761904761906
507,0.20357142857142857
508,0.2494047619047619
509,0.30976190476190474
510,0.195
511,0.95
512,0.7025
513,0.285
514,0.9483333333333333
515,0.9075
516,0.21466666666666664
517,0.5549999999999999
518,0.01
519,0.284
520,0.9316666666666668
521,0.629
522,0.8591666666666665
523,0.9111904761904761
524,0.3691666666666667
525,0.6351666666666667
526,0.21797619047619043
527,0.8983333333333333
528,0.6293333333333334
529,0.11680952380952381
530,0.11666666666666668
531,0.88
532,0.07833333333333332
533,0.725
534,0.035
535,0.2996666666666667
536,0.03833333333333333
537,0.9716666666666667
538,0.36683333333333334
539,0.935
540,0.30833333333333335
541,0.2
542,0.14
543,0.6333333333333333
544,0.6449444444444444
545,0.8966666666666667
546,0.8183333333333335
547,0.6426666666666666
548,0.5408333333333333
549,0.9216666666666667
550,0.8018333333333334
551,0.6691666666666666
552,0.48416666666666663
553,0.19541666666666666
554,0.35666666666666663
555,0.0475
556,0.8639999999999998
557,0.3723333333333333
558,0.5538333333333333
559,0.6039999999999999
560,0.8666666666666666
561,0.985
562,0.8725
563,0.7358333333333335
564,0.4676666666666667
565,0.3533333333333333
566,0.361
567,0.2451666666666667
568,0.8843333333333334
569,0.5158333333333333
570,0.31750000000000006
571,0.5708333333333333
572,0.8725
573,0.008333333333333333
574,0.6691666666666666
575,0.275
576,0.526
577,0.9166666666666667
578,0.40775
579,0.583
580,0.18733333333333335
581,0.66
582,0.98
583,0.09549999999999999
584,0.9058333333333333
585,0.6191666666666666
586,0.674
587,0.8866666666666667
588,0.2866666666666667
589,0.28
590,0.9088571428571428
591,0.7558333333333335
592,0.0
593,0.9316666666666665
594,0.985
595,0.88
596,0.22166666666666665
597,0.22416666666666665
598,0.8766666666666667
599,0.971
600,0.3760000000000001
601,0.35083333333333333
602,0.7464999999999999
603,0.9006666666666666
604,0.5795238095238096
605,0.755
606,0.24333333333333335
607,0.83
608,0.12633333333333335
609,0.16833333333333333
610,0.4475
611,0.5646666666666667
612,0.955
613,0.2275
614,0.7325
615,0.8791666666666665
616,0.32
617,0.3228333333333333
618,0.92
619,0.035833333333333335
620,0.6516666666666666
621,0.6006666666666667
622,0.8566666666666667
623,0.26
624,0.24166666666666664
625,0.07166666666666667
626,0.9433333333333332
627,0.12433333333333334
628,0.5968333333333334
629,0.175
630,0.035
631,0.20600000000000002
632,0.4223333333333333
633,0.8133333333333332
634,0.6803333333333333
635,0.8516666666666667
636,0.8691666666666668
637,0.9856666666666666
638,0.10416666666666666
639,0.6530238095238096
640,0.4581666666666666
641,0.4556666666666667
642,0.29233333333333333
643,0.085
644,0.05
645,0.18
646,0.59
647,0.022666666666666665
648,0.8343333333333334
649,0.6471666666666667
650,0.8086666666666668
651,0.8966666666666666
652,0.19166666666666665
653,0.20850000000000002
654,0.11866666666666666
655,0.21416666666666664
656,0.9056666666666667
657,0.7558333333333332
658,0.7241666666666666
659,0.6275000000000001
660,0.11699999999999999
661,0.2475
662,0.5818333333333333
663,0.3794880952380953
664,0.8516666666666667
665,0.8111666666666667
666,0.2916666666666667
667,0.30566666666666664
668,0.7636190476190475
669,0.3995
670,0.5158333333333334
671,0.09666666666666666
672,0.8798333333333334
673,0.4021666666666668
674,0.8233333333333333
675,0.9366666666666668
676,0.305
677,0.3391666666666667
678,0.285
679,0.6299285714285715
680,0.0
681,0.30633333333333335
682,0.6726190476190476
683,0.175
684,0.6475
685,0.6193333333333333
686,0.07583333333333334
687,0.12166666666666667
688,0.7016666666666667
689,0.02333333333333333
690,0.685
691,0.8241666666666666
692,0.7208333333333333
693,0.8145
694,0.8016666666666665
695,0.16658333333333336
696,0.85
697,0.8033333333333332
698,0.39416666666666667
699,0.9566666666666667
700,0.9520000000000001
701,0.4425
702,0.3041666666666667
703,0.7833333333333334
704,0.6679999999999999
705,0.7066666666666666
706,0.379
707,0.5716666666666667
708,0.6048333333333332
709,0.9275
710,0.9
711,0.0175
712,0.6373333333333333
713,0.5647777777777778
714,0.4708333333333334
715,0.815
716,0.6720833333333333
717,0.29483333333333334
718,0.945
719,0.8008333333333332
720,0.6071904761904762
721,0.9275
722,0.8916666666666666
723,0.9466666666666668
724,0.29766666666666663
725,0.5088333333333334
726,0.015
727,0.18166666666666667
728,0.12899999999999998
729,0.0275
730,0.6825
731,0.9015000000000001
732,0.6628333333333333
733,0.8885714285714286
734,0.21749999999999997
735,0.2145
736,0.2876666666666667
737,0.04166666666666666
738,0.2333333333333333
739,0.972
740,0.7197619047619047
741,0.7659999999999999
742,0.5164285714285713
743,0.25500000000000006
744,0.9384999999999999
745,0.6278333333333334
746,0.025
747,0.24166666666666664
748,0.6803333333333333
749,0.7891666666666666
750,0.6066666666666667
751,0.2576190476190476
752,0.5465000000000001
753,0.74
754,0.7925
755,0.6436666666666667
756,0.7795000000000002
757,0.8733333333333334
758,0.6775
759,0.9575
760,0.8675
761,0.5746666666666667
762,0.5866666666666667
763,0.9175
764,0.9366666666666668
765,0.622
766,0.4
767,0.35416666666666674
768,0.6233333333333333
769,0.5966666666666667
770,0.8658333333333332
771,0.0
772,0.5333333333333333
773,0.15433333333333332
774,0.19983333333333334
775,0.7204999999999999
776,0.9558333333333333
777,0.43
778,0.6716666666666667
779,0.22833333333333333
780,0.9641666666666666
781,0.845
782,0.8296666666666667
783,0.124
784,0.7611666666666668
785,0.09
786,0.955
787,0.45000000000000007
788,0.405
789,0.19149999999999998
790,0.028333333333333332
791,0.19316666666666665
792,0.035
793,0.3995
794,0.121
795,0.6066666666666666
796,0.7809999999999999
797,0.9066666666666666
798,0.47
799,0.619
800,0.9775
801,0.2088333333333333
802,0.6666666666666665
803,0.7833333333333333
804,0.9383333333333335
805,0.8763333333333334
806,0.39666666666666667
807,0.5591666666666666
808,0.07
809,0.337
810,0.3821428571428572
811,0.815
812,0.6816666666666668
813,0.6551666666666666
814,0.9816666666666667
815,0.18716666666666668
816,0.6375
817,0.10500000000000002
818,0.7769999999999999
819,0.6258333333333334
820,0.9058333333333333
821,0.03333333333333333
822,0.8516666666666667
823,0.0
824,0.3758333333333333
825,0.7291666666666665
826,0.937
827,0.5433333333333333
828,0.605
829,0.9243333333333333
830,0.9268333333333334
831,0.725
832,0.9146666666666667
833,0.21999999999999997
834,0.8880000000000001
835,0.14333333333333334
836,0.6091428571428572
837,0.9041666666666666
838,0.245
839,0.6996666666666665
840,0.46216666666666667
841,0.7191666666666668
842,0.14448809523809522
843,0.0811111111111111
844,0.39416666666666667
845,0.8833333333333334
846,0.8564285714285714
847,0.8498333333333333
848,0.6623333333333333
849,0.3245
850,0.19266666666666665
851,0.7933333333333333
852,0.9036666666666666
853,0.9666666666666667
854,0.1005
855,0.68
856,0.40083333333333326
857,0.5316666666666666
858,0.8823333333333333
859,0.13933333333333334
860,0.01
861,0.8311666666666666
862,0.8785
863,0.8133333333333335
864,0.8026666666666668
865,0.3288333333333334
866,0.3483333333333333
867,0.8158333333333333
868,0.7643333333333335
869,0.7741666666666667
870,0.6908333333333333
871,0.2718333333333333
872,0.5880000000000001
873,0.9104166666666668
874,0.31999999999999995
875,0.7425000000000002
876,0.4593333333333334
877,0.2731666666666666
878,0.97375
879,0.8924999999999998
880,0.3396666666666667
881,0.5426666666666667
882,0.42083333333333334
883,0.7491666666666668
884,0.04
885,0.0811111111111111
886,0.11
887,0.6725
888,0.7736666666666667
889,0.2096666666666667
890,0.2976111111111111
891,0.7121666666666667
892,0.5193333333333333
893,0.8723333333333333
894,0.4
895,0.795
896,0.722
897,0.865
898,0.4275
899,0.08916666666666667
900,0.9451190476190476
901,0.0
902,0.5836666666666668
903,0.265
904,0.9420000000000001
905,1.0
906,0.45833333333333337
907,0.36950000000000005
908,0.5766666666666667
909,0.9933333333333334
910,0.14833333333333332
911,0.5016666666666666
912,0.8548333333333333
913,0.8533333333333334
914,0.7138333333333334
915,0.8968333333333334
916,0.45150000000000007
917,0.18833333333333335
918,0.29766666666666663
919,0.62
920,0.06666666666666667
921,0.2839285714285714
922,0.8049999999999998
923,0.08458333333333332
924,0.4491666666666667
925,0.9708333333333334
926,0.5901666666666667
927,0.20383333333333334
928,0.035
929,0.02
930,0.8623333333333332
931,0.06
932,0.20133333333333334
933,0.035
934,0.8175
935,0.7416666666666666
936,0.14583333333333334
937,0.9383333333333335
938,0.754
939,0.985
940,0.34583333333333327
941,0.7123333333333334
942,0.32666666666666666
943,0.0
944,0.2708333333333333
945,0.3960476190476191
946,0.5985
947,0.25857142857142856
948,0.8641666666666665
949,0.09666666666666668
950,0.7136666666666668
951,0.935
952,0.37066666666666664
953,0.13716666666666666
954,0.045
955,0.1966666666666667
956,0.07825
957,0.7351666666666666
958,0.27699999999999997
959,0.23683333333333326
960,0.25666666666666665
961,0.6803333333333335
962,0.7080952380952381
963,0.6105
964,0.6323333333333333
965,0.03333333333333333
966,0.715
967,0.2155
968,0.8583333333333334
969,0.31441666666666673
970,0.07308333333333333
971,0.24345238095238086
972,0.48208333333333336
973,0.95
974,0.9141666666666667
975,0.8466666666666666
976,0.7038333333333334
977,0.9625
978,0.22999999999999995
979,0.8308333333333333
980,0.24366666666666667
981,0.2803333333333333
982,0.02333333333333333
983,0.8216666666666665
984,0.8738333333333334
985,0.4213333333333334
986,0.0425
987,0.6891666666666667
988,0.8008333333333333
989,0.18173809523809525
990,0.5208333333333334
991,0.8565833333333334
992,0.24433333333333335
993,0.7933333333333333
994,0.29833333333333334
995,0.22633333333333333
996,0.8583333333333333
997,0.36
998,0.18
999,0.9238333333333334
1000,0.5870000000000001
1001,0.07616666666666666
1002,0.6983333333333333
1003,0.9316666666666665
1004,0.6575
1005,0.7308333333333333
1006,0.1125
1007,0.6791666666666666
1008,0.8851666666666667
1009,0.6958333333333333
1010,0.1391666666666667
1011,0.725452380952381
1012,0.21816666666666668
1013,0.24333333333333335
1014,0.32049999999999995
1015,0.31666666666666665
1016,0.8266666666666665
1017,0.31016666666666665
1018,0.8375
1019,0.6823333333333333
1020,0.27416666666666667
1021,0.5641666666666667
1022,0.48550000000000004
1023,0.9325
1024,0.6648333333333334
1025,0.6933333333333332
1026,0.473
1027,0.2916666666666667
1028,0.5319999999999999
1029,0.8791666666666665
1030,0.9466666666666668
1031,0.4666666666666666
1032,0.3927380952380953
1033,0.7499999999999999
1034,0.2713333333333333
1035,0.7353333333333333
1036,0.5616666666666666
1037,0.6733333333333333
1038,0.6466666666666667
1039,0.46799999999999997
1040,0.46166666666666667
1041,0.3254166666666667
1042,0.805
1043,0.9208333333333333
1044,0.3675
1045,0.535
1046,0.9590000000000001
1047,0.9733333333333333
1048,0.6399999999999999
1049,0.3266666666666667
1050,0.9516666666666665
1051,0.09175000000000001
1052,0.3140476190476191
1053,0.99
1054,0.8308333333333333
1055,0.8190000000000001
1056,0.9216666666666667
1057,0.22733333333333333
1058,0.8599999999999999
1059,0.07833333333333334
1060,0.3518333333333334
1061,0.31366666666666665
1062,0.1475
1063,0.9058333333333333
1064,0.2025
1065,0.38166666666666665
1066,0.34333333333333327
1067,0.47814285714285726
1068,0.8153333333333331
1069,0.3933333333333333
1070,0.299
1071,0.5066666666666667
1072,0.8066666666666665
1073,0.9825
1074,0.9483333333333335
1075,0.7291666666666665
1076,0.5531666666666667
1077,0.9195
1078,0.45399999999999996
1079,0.8676666666666667
1080,0.8701666666666666
1081,0.6083333333333334
1082,0.40016666666666667
1083,0.5766666666666667
1084,0.945
1085,0.1337142857142857
1086,0.4441666666666667
1087,0.04166666666666666
1088,0.85
1089,0.96
1090,0.3169444444444444
1091,0.7208333333333334
1092,0.958
1093,0.9783333333333333
1094,0.9633333333333334
1095,0.956904761904762
1096,0.6766666666666665
1097,0.8833333333333333
1098,0.4875
1099,0.25083333333333335
1100,0.93
1101,0.1375
1102,0.6975000000000001
1103,0.9433333333333332
1104,0.4243333333333334
1105,0.3586666666666667
1106,0.6478333333333333
1107,0.32716666666666666
1108,0.3636666666666667
1109,0.06166666666666667
1110,0.7599999999999999
1111,0.14948809523809523
1112,0.8975
1113,0.9033333333333333
1114,0.14766666666666667
1115,0.6575
1116,0.035833333333333335
1117,0.8445
1118,0.08800000000000001
1119,0.18333333333333335
1120,0.255
1121,0.8451666666666665
1122,0.38516666666666666
1123,0.755
1124,0.28500000000000003
1125,0.14166666666666666
1126,0.9633333333333333
1127,0.11916666666666666
1128,0.6516666666666666
1129,0.32433333333333336
1130,0.16683333333333333
1131,0.109
1132,0.6816666666666665
1133,0.975
1134,0.8823333333333333
1135,0.2733333333333333
1136,0.1313333333333333
1137,0.7331666666666667
1138,0.5116666666666666
1139,0.6725
1140,0.31749999999999995
1141,0.5153333333333333
1142,0.375
1143,0.4653333333333334
1144,0.645
1145,0.66125
1146,1.0
1147,0.8633333333333334
1148,0.06
1149,0.7843333333333332
1150,0.945
1151,0.6528333333333333
1152,0.6733333333333333
1153,0.332
1154,0.7966666666666665
1155,0.9616666666666667
1156,0.8716666666666666
1157,0.011666666666666665
1158,0.23949999999999996
1159,0.015
1160,0.6884999999999999
1161,0.5583333333333332
1162,0.7666666666666667
1163,0.8433333333333333
1164,0.06166666666666666
1165,0.6816666666666665
1166,0.33833333333333326
1167,0.9
1168,0.025
1169,0.9533333333333335
1170,0.09333333333333334
1171,0.8669999999999999
1172,0.6389999999999999
1173,0.09
1174,0.7236666666666668
1175,0.9230952380952381
1176,0.12
1177,0.64
1178,0.48516666666666663
1179,0.31800000000000006
1180,0.065
1181,0.9125
1182,0.9183333333333333
1183,0.8721666666666665
1184,0.06833333333333333
1185,0.743452380952381
1186,0.22666666666666668
1187,0.2731666666666667
1188,0.1675
1189,0.9753333333333333
1190,0.4018333333333333
1191,0.31616666666666665
1192,0.5956666666666667
1193,0.9416666666666665
1194,0.3308333333333333
1195,0.5816666666666667
1196,0.035
1197,0.8885
1198,0.9194999999999999
1199,0.945
1200,0.4654999999999999
1201,0.9175
1202,0.5433333333333333
1203,0.8773333333333333
1204,0.4678333333333334
1205,0.4041666666666666
1206,0.8766666666666666
1207,0.26133333333333336
1208,0.8208333333333334
1209,0.04
1210,0.9300000000000002
1211,0.06583333333333334
1212,0.8340000000000001
1213,0.15833333333333333
1214,0.7566666666666666
1215,0.5648333333333333
1216,0.8399999999999999
1217,0.5438333333333333
1218,0.8175000000000001
1219,0.4838333333333334
1220,0.5836666666666668
1221,0.49333333333333335
1222,0.96
1223,0.5295000000000001
1224,0.5851904761904763
1225,0.6196666666666666
1226,0.29583333333333334
1227,0.9516666666666667
1228,0.9566666666666667
1229,0.8998333333333334
1230,0.7916666666666667
1231,0.8773333333333332
1232,0.8691666666666668
1233,0.7816666666666667
1234,0.33799999999999997
1235,0.48866666666666675
1236,0.7691666666666666
1237,0.17833333333333334
1238,0.78
1239,0.769
1240,0.21799999999999997
1241,0.8833333333333334
1242,0.18
1243,0.121
1244,0.035
1245,0.7078333333333334
1246,0.21899999999999997
1247,0.11649999999999999
1248,0.11083333333333333
1249,0.8405
1250,0.6896666666666667
1251,0.1535
1252,0.3397857142857143
1253,0.59
1254,0.385
1255,0.7176666666666668
1256,0.187
1257,0.7558333333333332
1258,0.6408333333333333
1259,0.843
1260,0.8408333333333333
1261,0.7233333333333334
1262,1.0
1263,0.6475
1264,0.584
1265,0.9233333333333335
1266,0.9033333333333334
1267,0.7469999999999999
1268,0.5841666666666666
1269,0.09683333333333334
1270,0.46699999999999986
1271,0.229
1272,0.945
1273,0.8403333333333333
1274,0.7810714285714286
1275,0.7641666666666665
1276,0.3936666666666666
1277,0.88875
1278,0.95
1279,0.8355
1280,0.8273333333333334
1281,0.9193333333333333
1282,0.8113333333333332
1283,0.7071666666666668
1284,0.1821666666666667
1285,0.6631666666666667
1286,0.6004999999999999
1287,0.49949999999999994
1288,0.30816666666666664
1289,0.5608333333333334
1290,0.8941666666666667
1291,0.9766666666666666
1292,0.38733333333333336
1293,0.05416666666666667
1294,0.8491666666666666
1295,0.6841666666666667
1296,0.2881666666666667
1297,0.031
1298,0.6498333333333332
1299,0.9325
1300,0.21
1301,0.28833333333333333
1302,0.10166666666666666
1303,0.8340000000000001
1304,0.5155000000000001
1305,0.3408333333333334
1306,0.8200000000000002
1307,0.7208333333333334
1308,0.7448333333333333
1309,0.6766666666666665
1310,0.8750000000000001
1311,0.6743333333333333
1312,0.7333333333333333
1313,0.4073333333333333
1314,0.9233333333333333
1315,0.3956666666666666
1316,0.7491190476190477
1317,0.4461666666666666
1318,0.1416666666666667
1319,0.056666666666666664
1320,0.30333333333333334
1321,0.7733333333333333
1322,0.2383333333333333
1323,0.11666666666666664
1324,0.7916666666666667
1325,0.5561666666666667
1326,0.7436666666666667
1327,0.3875
1328,0.04166666666666666
1329,0.2805952380952381
1330,0.7759999999999999
1331,0.38866666666666666
1332,0.6233333333333333
1333,0.9330714285714287
1334,0.46633333333333327
1335,0.7658333333333333
1336,0.7234761904761905
1337,0.24833333333333335
1338,0.31000000000000005
1339,0.5443333333333333
1340,0.1741666666666667
1341,0.9325
1342,0.9486666666666668
1343,0.8633333333333333
1344,0.8633333333333334
1345,0.9758333333333333
1346,0.985
1347,0.3956666666666667
1348,0.9458333333333334
1349,0.6691666666666667
1350,0.9183333333333334
1351,0.9382142857142857
1352,0.2931666666666667
1353,0.6873333333333335
1354,0.9590000000000001
1355,0.88
1356,0.165
1357,0.7291666666666667
1358,0.23549999999999996
1359,0.16666666666666669
1360,0.8821666666666667
1361,0.9468333333333334
1362,0.552
1363,0.535
1364,0.7186666666666668
1365,0.8695833333333333
1366,0.85375
1367,0.92
1368,0.6023333333333334
1369,0.9136666666666667
1370,0.6004999999999999
1371,0.8675
1372,0.5960000000000001
1373,0.9985714285714287
1374,0.0
1375,0.3478333333333333
1376,0.3975
1377,0.8675
1378,0.7266666666666667
1379,0.24233333333333335
1380,0.3875
1381,0.8219999999999998
1382,0.37133333333333335
1383,0.7883333333333333
1384,0.5873333333333334
1385,0.09833333333333334
1386,0.5156666666666667
1387,0.9316666666666665
1388,0.7885
1389,0.07258333333333333
1390,0.7116666666666666
1391,0.7105000000000001
1392,0.595
1393,0.8975
1394,0.895
1395,0.7483333333333333
1396,0.2911111111111111
1397,0.14800000000000002
1398,0.0425
1399,0.16416666666666666
1400,0.45833333333333337
1401,0.6716666666666665
1402,0.8030000000000002
1403,0.7985
1404,0.225
1405,0.0
1406,0.9041666666666667
1407,0.0
1408,0.9325
1409,0.949
1410,0.38933333333333336
1411,0.209
1412,0.2932777777777778
1413,0.5491666666666667
1414,0.824
1415,0.5066666666666666
1416,0.23083333333333336
1417,0.35083333333333333
1418,0.5436666666666667
1419,0.29416666666666663
1420,0.838
1421,0.050666666666666665
1422,0.7741666666666666
1423,0.8541666666666667
1424,0.30050000000000004
1425,0.3496666666666667
1426,0.6530000000000001
1427,0.0375
1428,0.07666666666666666
1429,0.215
1430,0.7955
1431,0.6333333333333333
1432,0.5058333333333335
1433,0.04066666666666666
1434,0.3625
1435,0.5225
1436,0.3133333333333333
1437,0.11666666666666665
1438,0.9716666666666667
1439,0.0425
1440,0.8579166666666667
1441,0.8481666666666666
1442,0.19333333333333333
1443,0.32416666666666666
1444,0.27416666666666667
1445,0.15464285714285714
1446,0.24666666666666665
1447,0.111
1448,0.3643333333333334
1449,0.8230000000000001
1450,0.6741666666666667
1451,0.7083333333333333
1452,0.4210000000000001
1453,0.47833333333333344
1454,0.3536666666666667
1455,0.6208333333333333
1456,0.9483333333333333
1457,0.8873333333333333
1458,0.5125000000000001
1459,0.5041666666666667
1460,0.4291666666666667
1461,0.3508333333333333
1462,0.8836666666666667
1463,0.38733333333333336
1464,0.7736666666666667
1465,0.9075
1466,0.4816666666666667
1467,0.9145833333333333
1468,0.24421428571428572
1469,0.5478333333333334
1470,0.9375
1471,0.6829999999999999
1472,0.38916666666666666
1473,0.6833333333333335
1474,0.17049999999999998
1475,0.265
1476,0.28500000000000003
1477,0.8916666666666667
1478,0.4830952380952381
1479,0.3521666666666667
1480,0.94
1481,0.006666666666666666
1482,0.27258333333333334
1483,0.84
1484,0.8408333333333334
1485,0.3469285714285714
1486,0.045
1487,0.3108333333333333
1488,0.264
1489,0.2363095238095238
1490,0.7929999999999999
1491,0.84
1492,0.12766666666666668
1493,0.79
1494,0.304
1495,0.8528333333333333
1496,0.9843333333333334
1497,0.28933333333333333
1498,0.8958333333333335
1499,0.27466666666666667
1500,0.804
1501,0.16083333333333333
1502,0.4656666666666666
1503,0.7194999999999999
1504,0.555
1505,0.6158333333333333
1506,0.0075
1507,0.23999999999999996
1508,0.8815
1509,0.8591666666666667
1510,0.8258333333333333
1511,0.9133333333333334
1512,0.7433333333333333
1513,0.903
1514,0.7658333333333333
1515,0.03166666666666666
1516,0.0
1517,0.09083333333333332
1518,0.6916666666666665
1519,0.32783333333333325
1520,0.08166666666666667
1521,0.21833333333333332
1522,0.9275
1523,0.309
1524,0.0
1525,0.8866666666666667
1526,0.0
1527,0.3542857142857143
1528,0.7975
1529,0.9616666666666667
1530,0.5668095238095239
1531,0.4253333333333334
1532,0.7941666666666666
1533,0.812
1534,0.29566666666666663
1535,0.755
1536,0.5641666666666666
1537,0.08483333333333333
1538,0.27
1539,0.8016666666666667
1540,0.8534999999999999
1541,0.4426666666666667
1542,0.86
1543,0.045
1544,0.7931666666666668
1545,0.845
1546,0.9316666666666665
1547,0.62
1548,0.8328333333333333
1549,0.7471666666666666
1550,0.42066666666666663
1551,0.9733333333333333
1552,0.7454999999999999
1553,0.6493333333333332
1554,0.7548333333333332
1555,0.9475
1556,0.8716666666666666
1557,0.51
1558,0.825
1559,0.8023333333333333
1560,1.0
1561,0.429
1562,0.33233333333333337
1563,0.13
1564,0.5720000000000001
1565,0.6325
1566,0.35450000000000004
1567,0.8833333333333334
1568,0.2833333333333333
1569,0.9483333333333335
1570,0.6926666666666667
1571,0.9608333333333333
1572,0.6759999999999999
1573,0.9375
1574,0.426
1575,0.079
1576,0.87
1577,0.9041666666666666
1578,0.6368333333333334
1579,0.8566666666666667
1580,0.6469999999999999
1581,0.8883333333333334
1582,0.4666666666666666
1583,0.8786666666666666
1584,0.985
1585,0.629
1586,0.4753333333333334
1587,0.9498809523809524
1588,0.8510000000000001
1589,0.46916666666666673
1590,0.03333333333333333
1591,0.13816666666666666
1592,0.825
1593,0.9566666666666667
1594,0.08966666666666667
1595,0.7030833333333334
1596,0.5035000000000001
1597,0.5942500000000001
1598,0.6983333333333333
1599,0.6716666666666667
1600,0.5191666666666666
1601,0.7665
1602,0.3055
1603,0.16066666666666665
1604,0.7558333333333332
1605,0.12633333333333333
1606,0.21366666666666667
1607,0.912
1608,0.04333333333333334
1609,0.7825
1610,0.7824523809523811
1611,0.7655
1612,0.8368095238095238
1613,0.909
1614,0.21233333333333335
1615,0.64
1616,0.31
1617,0.235
1618,0.7136904761904762
1619,0.955
1620,0.965
1621,0.33
1622,0.5596666666666666
1623,0.8258333333333333
1624,0.8756666666666666
1625,0.7725
1626,0.19416666666666668
1627,0.02
1628,0.1635
1629,0.6069444444444444
1630,0.09499999999999999
1631,0.6341666666666668
1632,0.5606666666666666
1633,0.9
1634,0.259
1635,0.27749999999999997
1636,0.3266666666666667
1637,0.8658333333333335
1638,0.8741666666666668
1639,0.33333333333333326
1640,0.6881428571428571
1641,0.22333333333333333
1642,0.9416666666666668
1643,0.7166666666666667
1644,0.1905
1645,0.9883333333333334
1646,0.192
1647,0.9266666666666665
1648,0.8306666666666667
1649,0.5203333333333333
1650,0.2615
1651,0.755
1652,0.9483333333333333
1653,0.42440476190476195
1654,0.44042857142857145
1655,0.12333333333333332
1656,0.6829166666666667
1657,0.7421666666666666
1658,0.965
1659,0.40833333333333327
1660,0.7761666666666668
1661,0.1475
1662,0.3033095238095238
1663,0.37666666666666665
1664,0.715
1665,0.6428333333333334
1666,0.3986428571428572
1667,0.8396666666666667
1668,0.5096666666666667
1669,0.9116666666666667
1670,0.6911666666666666
1671,0.36464285714285716
1672,0.9608333333333333
1673,0.22516666666666665
1674,0.24880952380952379
1675,0.7809999999999999
1676,0.9470000000000001
1677,0.04333333333333334
1678,0.9683333333333334
1679,0.6211666666666666
1680,0.695
1681,0.7701190476190476
1682,0.45649999999999996
1683,0.9133333333333333
1684,0.7586666666666667
1685,0.8083333333333332
1686,0.16833333333333336
1687,0.8399999999999999
1688,0.7616666666666666
1689,0.49666666666666665
1690,0.5216666666666666
1691,0.614
1692,0.06333333333333334
1693,0.2477619047619048
1694,0.4978333333333333
1695,0.7308333333333334
1696,0.15566666666666668
1697,0.9266666666666667
1698,0.09083333333333334
1699,0.016666666666666666
1700,0.08866666666666667
1701,0.7938333333333334
1702,0.8261666666666667
1703,0.31344444444444447
1704,0.8443333333333335
1705,0.33333333333333326
1706,0.2658333333333333
1707,0.8133333333333335
1708,0.015
1709,0.7408333333333332
1710,0.30338095238095236
1711,0.28
1712,0.5558333333333334
1713,0.07433333333333332
1714,0.1925
1715,0.3096666666666667
1716,0.06833333333333333
1717,0.3775
1718,0.9625
1719,0.98
1720,0.3558333333333333
1721,0.056666666666666664
1722,0.17600000000000002
1723,0.5228333333333333
1724,0.4218333333333334
1725,0.447
1726,0.8134999999999999
1727,0.9883333333333333
1728,0.6609999999999999
1729,0.8828333333333334
1730,0.5500952380952381
1731,0.5141428571428572
1732,0.3189444444444445
1733,0.794
1734,0.7974999999999999
1735,0.6930000000000001
1736,0.9708333333333333
1737,0.08833333333333332
1738,0.7441666666666665
1739,0.8078333333333333
1740,0.9883333333333333
1741,0.75875
1742,0.7508333333333332
1743,0.7678333333333334
1744,0.33016666666666666
1745,0.2075
1746,0.4471666666666666
1747,0.07833333333333332
1748,0.7539285714285714
1749,0.892
1750,0.21166666666666667
1751,0.7456666666666668
1752,0.6433333333333334
1753,0.37366666666666665
1754,0.21333333333333332
1755,0.14916666666666667
1756,0.9008333333333334
1757,0.3793333333333333
1758,0.07166666666666667
1759,0.735
1760,0.92
1761,0.7333333333333334
1762,0.9530952380952381
1763,0.3133333333333334
1764,0.5538333333333333
1765,0.9083333333333333
1766,0.9116666666666666
1767,0.714
1768,0.6343333333333334
1769,0.9566666666666667
1770,0.6978333333333333
1771,0.935
1772,0.9416666666666668
1773,0.866
1774,0.49499999999999994
1775,0.21016666666666667
1776,0.9090833333333334
1777,0.05833333333333334
1778,0.9266666666666665
1779,0.0675
1780,0.41383333333333333
1781,0.7096666666666667
1782,0.8679999999999999
1783,0.28
1784,0.7101666666666666
1785,0.51
1786,0.015
1787,0.6925
1788,0.3245
1789,0.26416666666666666
1790,0.22166666666666665
1791,0.4956666666666667
1792,0.725595238095238
1793,0.9250000000000002
1794,0.3913333333333333
1795,0.034999999999999996
1796,0.9383333333333332
1797,0.445
1798,0.42133333333333334
1799,0.9003333333333333
1800,0.2838333333333333
1801,0.9341666666666666
1802,0.2253333333333333
1803,0.31866666666666665
1804,0.33849999999999997
1805,0.845
1806,0.6733333333333333
1807,0.6811666666666667
1808,0.30883333333333335
1809,0.754
1810,0.9136666666666667
1811,0.8295
1812,0.5341666666666667
1813,0.6346666666666666
1814,0.7676666666666666
1815,0.8673333333333333
1816,0.49833333333333335
1817,0.8041666666666666
1818,0.20864285714285713
1819,0.6441666666666667
1820,0.2501111111111111
1821,0.375
1822,0.2931666666666667
1823,0.9383333333333335
1824,0.85
1825,0.99
1826,0.7486666666666666
1827,0.75
1828,0.9213333333333332
1829,0.6771666666666667
1830,0.9125
1831,0.4612380952380953
1832,0.134
1833,0.56
1834,0.6345000000000001
1835,0.6691666666666666
1836,0.5186666666666667
1837,0.3376666666666667
1838,0.21016666666666667
1839,0.8531666666666667
1840,0.5818333333333334
1841,0.09
1842,0.8316666666666666
1843,0.8375
1844,0.33866666666666667
1845,0.6968333333333331
1846,0.3531666666666667
1847,0.598
1848,0.6558333333333334
1849,0.36930952380952375
1850,0.5228333333333333
1851,0.927
1852,0.05000000000000001
1853,0.8448333333333332
1854,0.85
1855,0.6531666666666667
1856,0.9289999999999999
1857,0.34233333333333327
1858,0.21375
1859,0.33142857142857146
1860,0.9675
1861,0.5635
1862,0.34311904761904766
1863,0.7056666666666664
1864,0.9525
1865,0.619
1866,0.7766666666666667
1867,0.9133333333333334
1868,0.8961666666666668
1869,0.779
1870,0.5360714285714284
1871,0.9175
1872,0.9466666666666668
1873,0.41380952380952385
1874,0.34416666666666673
1875,0.3368333333333334
1876,0.6458333333333333
1877,0.005
1878,0.3775
1879,0.8530952380952381
1880,0.8626666666666667
1881,0.45116666666666666
1882,0.2425
1883,0.5983333333333333
1884,0.16333333333333333
1885,0.9416666666666665
1886,0.276
1887,0.7458333333333332
1888,1.0
1889,0.965
1890,0.12083333333333333
1891,0.8340000000000001
1892,0.384
1893,0.7933333333333334
1894,0.5608333333333334
1895,0.6516666666666666
1896,0.7438333333333332
1897,0.9309999999999999
1898,0.5433333333333333
1899,0.8425
1900,0.2856666666666667
1901,0.8321666666666667
1902,0.8958333333333335
1903,0.5508333333333333
1904,0.01
1905,0.17533333333333334
1906,0.15
1907,0.5258333333333333
1908,0.2176666666666667
1909,0.8726666666666667
1910,0.2801666666666667
1911,0.275
1912,0.9045000000000001
1913,0.016666666666666666
1914,0.8916666666666667
1915,0.7738333333333334
1916,0.2756666666666667
1917,0.2658333333333333
1918,0.07916666666666666
1919,0.7256666666666667
1920,0.6818333333333334
1921,0.7248333333333333
1922,0.5083333333333333
1923,0.1391666666666667
1924,0.35233333333333333
1925,0.88
1926,0.4936666666666667
1927,0.16016666666666665
1928,0.8861666666666668
1929,0.8856785714285715
1930,0.16633333333333333
1931,0.1475
1932,0.08333333333333334
1933,0.24833333333333332
1934,0.787
1935,0.023333333333333334
1936,0.06833333333333333
1937,0.30333333333333334
1938,0.9508333333333333
1939,0.7526666666666667
1940,0.6875
1941,0.9491666666666667
1942,0.9366666666666668
1943,0.618
1944,0.43416666666666665
1945,0.1275
1946,0.3216666666666667
1947,0.38
1948,0.6981666666666668
1949,0.15916666666666665
1950,0.5191666666666667
1951,0.9366666666666665
1952,0.12374999999999999
1953,0.9775
1954,0.29666666666666663
1955,0.915
1956,0.4108333333333333
1957,0.18083333333333335
1958,0.08
1959,0.7591666666666668
1960,0.5088333333333334
1961,0.10916666666666666
1962,0.17083333333333336
1963,0.29333333333333333
1964,0.752
1965,0.3041666666666667
1966,0.115
1967,0.857
1968,0.31583333333333335
1969,0.9313333333333332
1970,0.31733333333333336
1971,0.825
1972,0.9386904761904762
1973,0.9248333333333334
1974,0.3611666666666667
1975,0.8471666666666665
1976,0.7953333333333333
1977,0.14300000000000002
1978,0.821
1979,0.02
1980,0.835
1981,0.8916666666666666
1982,0.02
1983,0.41966666666666663
1984,0.22675000000000003
1985,0.15566666666666668
1986,0.9885714285714287
1987,0.4438333333333333
1988,0.4831666666666667
1989,0.9733333333333333
1990,0.6882142857142857
1991,0.2651666666666667
1992,0.6841666666666666
1993,0.685
1994,0.19949999999999998
1995,0.21333333333333335
1996,0.9011666666666668
1997,0.9625000000000001
1998,0.9666666666666666
1999,0.4881666666666667
2000,0.69
2001,0.3486111111111111
2002,0.9925
2003,0.3586666666666667
2004,0.8453333333333333
2005,0.7485
2006,0.31983333333333336
2007,0.03133333333333333
2008,0.9628333333333333
2009,0.06
2010,0.26275000000000004
2011,0.32866666666666666
2012,0.5429999999999999
2013,0.7583333333333333
2014,0.6511666666666668
2015,0.9043333333333333
2016,0.7381666666666667
2017,0.24599999999999997
2018,0.35797619047619045
2019,0.5566666666666666
2020,0.7291666666666665
2021,0.2175
2022,0.8291666666666667
2023,0.6265
2024,0.4445833333333333
2025,0.4575000000000001
2026,0.2916666666666667
2027,0.01
2028,0.195
2029,0.218
2030,0.873
2031,0.5529166666666666
2032,0.841952380952381
2033,0.5283333333333333
2034,0.27083333333333337
2035,0.6846666666666666
2036,0.8441666666666666
2037,0.04916666666666667
2038,0.6275
2039,0.7283333333333334
2040,0.7416666666666667
2041,0.8166666666666668
2042,0.5741666666666666
2043,0.24716666666666667
2044,0.3108333333333333
2045,0.3188095238095238
2046,0.5391666666666667
2047,0.9375
2048,0.94
2049,0.3341666666666667
2050,0.12183333333333332
2051,0.36416666666666664
2052,0.829
2053,0.5741666666666666
2054,0.42166666666666663
2055,0.7558333333333335
2056,0.685
2057,0.7391666666666667
2058,0.81625
2059,0.6
2060,0.2766666666666666
2061,0.4956666666666667
2062,0.9695
2063,0.7666666666666667
2064,0.08416666666666668
2065,0.2136111111111111
2066,0.48266666666666663
2067,0.7341666666666665
2068,0.6825
2069,0.5954999999999999
2070,0.9011666666666666
2071,0.13649999999999998
2072,0.2796666666666667
2073,0.6924999999999999
2074,0.985
2075,0.02
2076,0.895
2077,0.20999999999999996
2078,0.882
2079,0.895
2080,0.8258333333333333
2081,0.9783333333333333
2082,0.3385
2083,0.5475000000000001
2084,0.9166666666666665
2085,0.24900000000000003
2086,0.2508333333333333
2087,0.11916666666666666
2088,0.3925
2089,0.5408333333333333
2090,0.2775
2091,0.10483333333333335
2092,0.7606666666666668
2093,0.20150000000000007
2094,0.8233333333333335
2095,0.5808333333333333
2096,0.7266666666666667
2097,0.8450833333333334
2098,0.9716666666666667
2099,0.8401666666666666
2100,0.93625
2101,0.3863333333333333
2102,0.15833333333333333
2103,0.5686666666666668
2104,0.5058571428571429
2105,0.85
2106,0.157
2107,0.85
2108,0.98
2109,0.8641666666666667
2110,0.7541666666666665
2111,0.6541666666666667
2112,0.2525
2113,0.8759166666666666
2114,0.4425
2115,0.11783333333333333
2116,0.233
2117,0.7673333333333333
2118,0.30833333333333335
2119,0.2333333333333333
2120,0.8826666666666667
2121,0.8841666666666665
2122,0.8111666666666666
2123,0.68
2124,0.121
2125,0.92
2126,0.105
2127,0.9106666666666667
2128,0.6388333333333334
2129,0.97
2130,0.20666666666666667
2131,0.7548333333333334
2132,0.2638333333333333
2133,0.325
2134,0.8816666666666666
2135,0.754
2136,0.19833333333333336
2137,0.7733333333333333
2138,0.7783333333333333
2139,0.8113333333333334
2140,0.15516666666666665
2141,0.425
2142,0.5188333333333334
2143,0.5946190476190476
2144,0.22133333333333333
2145,0.3841666666666667
2146,0.9168333333333334
2147,0.86
2148,0.68325
2149,0.3580952380952381
2150,0.34416666666666673
2151,0.17016666666666666
2152,0.31333333333333335
2153,0.28861111111111115
2154,0.9253333333333333
2155,0.7349999999999999
2156,0.04333333333333333
2157,0.19333333333333336
2158,0.5878333333333333
2159,0.8441666666666666
2160,0.9128333333333333
2161,0.8091666666666667
2162,0.8650000000000001
2163,0.8183333333333332
2164,0.8833333333333334
2165,0.9058333333333333
2166,0.7266666666666667
2167,0.9475
2168,0.075
2169,0.01
2170,0.7774999999999999
2171,0.5666666666666667
2172,0.8126904761904763
2173,0.20383333333333334
2174,0.003333333333333333
2175,0.0
2176,0.7933333333333334
2177,0.3325
2178,0.3266666666666667
2179,0.5683333333333332
2180,0.9158333333333334
2181,0.7138333333333334
2182,0.20833333333333331
2183,0.8451190476190475
2184,0.10833333333333332
2185,0.38733333333333325
2186,0.15166666666666667
2187,0.13
2188,0.8716666666666666
2189,0.13483333333333336
2190,0.3235
2191,0.27
2192,0.48
2193,0.7488333333333332
2194,0.5525
2195,0.115
2196,0.32083333333333336
2197,0.20916666666666664
2198,0.13566666666666666
2199,0.7569285714285715
2200,0.6983333333333335
2201,0.9125
2202,0.9233333333333335
2203,0.12083333333333332
2204,0.6397619047619048
2205,0.095
2206,0.377
2207,0.5881666666666667
2208,0.9401666666666667
2209,0.2731666666666666
2210,0.22833333333333336
2211,0.8383333333333334
2212,0.7668333333333334
2213,0.9533333333333333
2214,0.63225
2215,0.9458333333333334
2216,0.36950000000000005
2217,0.7741666666666666
2218,0.4358333333333333
2219,0.8085
2220,0.935
2221,0.33777777777777773
2222,0.765
2223,0.9375
2224,0.12833333333333333
2225,0.12483333333333334
2226,0.37047619047619046
2227,0.6531666666666667
2228,0.91
2229,0.063
2230,0.7038333333333334
2231,0.7354999999999999
2232,0.025
2233,0.9185000000000001
2234,0.21416666666666664
2235,0.149
2236,0.07116666666666666
2237,0.055
2238,0.45666666666666667
2239,0.8998333333333332
2240,0.4046666666666667
2241,0.9733333333333333
2242,0.9766666666666667
2243,0.4886666666666667
2244,0.9833333333333333
2245,0.7333333333333333
2246,0.3758333333333333
2247,0.33333333333333326
2248,0.7016666666666665
2249,0.7501666666666666
2250,0.7873333333333332
2251,0.2866666666666666
2252,0.06000000000000001
2253,0.22416666666666668
2254,0.8016666666666665
2255,0.7748333333333332
2256,0.5745238095238094
2257,0.07
2258,0.7555
2259,0.6894999999999999
2260,0.7071666666666667
2261,0.9283333333333332
2262,0.03
2263,0.1366666666666667
2264,0.23
2265,0.882
2266,0.9368333333333332
2267,0.4885
2268,0.5631666666666666
2269,0.1365
2270,0.2925
2271,0.84
2272,0.4625
2273,0.6503333333333333
2274,0.32866666666666666
2275,0.7458333333333332
2276,0.8274999999999999
2277,0.11333333333333333
2278,0.8091666666666666
2279,0.24466666666666662
2280,0.055
2281,0.28300000000000003
2282,0.3188095238095238
2283,0.21416666666666664
2284,0.3899999999999999
2285,0.17
2286,0.6081666666666666
2287,0.17125
2288,0.9466666666666665
2289,0.9525000000000001
2290,0.8425238095238096
2291,0.9399999999999998
2292,0.36740476190476196
2293,0.8975
2294,0.878
2295,0.725
2296,0.12833333333333333
2297,0.5634047619047619
2298,0.43399999999999994
2299,0.4026666666666667
2300,0.998
2301,0.0375
2302,0.7781666666666668
2303,0.6825
2304,0.7396666666666666
2305,0.7173333333333334
2306,0.7233333333333334
2307,0.7273333333333334
2308,0.153
2309,0.7916111111111112
2310,0.9025
2311,0.3141666666666667
2312,0.659
2313,0.8983333333333334
2314,0.9773333333333334
2315,0.6975
2316,0.5999999999999999
2317,0.005
2318,0.5053333333333333
2319,0.904
2320,0.3213333333333333
2321,0.924
2322,0.6816666666666668
2323,0.125
2324,1.0
2325,0.113
2326,0.655
2327,0.834333333333333
2328,0.79
2329,0.23616666666666666
2330,0.4458333333333333
2331,0.3073333333333333
2332,0.17
2333,0.937
2334,0.31666666666666665
2335,0.5161666666666667
2336,0.9783333333333333
2337,0.2475
2338,0.84
2339,0.24333333333333335
2340,0.9466666666666665
2341,0.8480000000000001
2342,0.9566666666666666
2343,0.98
2344,0.7795000000000001
2345,0.8993333333333332
2346,0.8466666666666666
2347,0.4700000000000001
2348,0.34
2349,0.30083333333333334
2350,0.018333333333333333
2351,0.8449999999999999
2352,0.2499166666666666
2353,0.23233333333333334
2354,0.25895238095238093
2355,0.1366666666666667
2356,0.2813333333333333
2357,0.6938333333333333
2358,0.20833333333333331
2359,0.9966666666666667
2360,0.7336666666666666
2361,0.8030000000000002
2362,0.30750000000000005
2363,0.8281666666666666
2364,0.16766666666666666
2365,0.3858333333333333
2366,0.865
2367,0.6975
2368,0.46583333333333327
2369,0.92
2370,0.9816666666666667
2371,0.7091666666666668
2372,0.7966190476190477
2373,0.18816666666666668
2374,0.2825
2375,0.43333333333333335
2376,0.9283333333333335
2377,0.23575
2378,0.3566666666666667
2379,0.05
2380,0.8225952380952382
2381,0.038
2382,0.2886666666666666
2383,0.8016666666666667
2384,0.37476190476190474
2385,0.0875
2386,0.76
2387,0.742452380952381
2388,0.2316666666666667
2389,0.8891666666666667
2390,0.7131666666666666
2391,0.775
2392,0.22466666666666665
2393,0.995
2394,0.92
2395,0.17933333333333334
2396,0.8833333333333333
2397,0.015
2398,0.05166666666666666
2399,0.8116666666666668
2400,0.8841666666666665
2401,0.795
2402,0.545
2403,0.4675
2404,0.7951666666666667
2405,0.7681666666666667
2406,0.9016666666666666
2407,0.7153333333333335
2408,0.9458333333333334
2409,0.953452380952381
2410,0.7141666666666667
2411,0.9375
2412,0.3675
2413,0.7833333333333334
2414,0.0785
2415,0.19266666666666665
2416,0.7210000000000001
2417,0.6921666666666667
2418,0.7158333333333334
2419,0.05133333333333333
2420,0.3212380952380952
2421,0.21916666666666668
2422,0.40199999999999997
2423,0.5503333333333333
2424,0.9541666666666666
2425,0.29600000000000004
2426,0.7683333333333334
2427,0.045
2428,0.857
2429,0.86
2430,0.97
2431,0.4708333333333334
2432,0.18916666666666668
2433,0.5041666666666667
2434,0.5485000000000001
2435,0.3225
2436,0.6858333333333334
2437,0.1552777777777778
2438,0.17166666666666663
2439,0.8806666666666666
2440,0.8233333333333333
2441,0.998
2442,0.027499999999999997
2443,0.02333333333333333
2444,0.8163333333333334
2445,0.8675833333333334
2446,0.5508333333333333
2447,0.9025
2448,0.2803333333333333
2449,0.7140000000000001
2450,0.09666666666666668
2451,0.3751666666666668
2452,0.344
2453,0.07600000000000001
2454,0.8809999999999999
2455,0.14933333333333332
2456,0.21449999999999997
2457,0.8051666666666667
2458,0.45250000000000007
2459,0.4771666666666667
2460,0.9433333333333332
2461,0.7416666666666666
2462,0.7775
2463,0.9441666666666666
2464,0.9309523809523809
2465,0.5341666666666667
2466,0.8983333333333333
2467,0.6011666666666666
2468,0.08166666666666667
2469,0.8183333333333332
2470,0.1746666666666667
2471,1.0
2472,0.48916666666666664
2473,0.5786666666666666
2474,0.225
2475,0.2461666666666667
2476,0.9283333333333332
2477,0.08666666666666666
2478,0.1403333333333333
2479,0.7115
2480,0.8019166666666666
2481,0.15083333333333332
2482,0.8084166666666667
2483,0.079
2484,0.46449999999999997
2485,0.585
2486,0.872
2487,0.049166666666666664
2488,0.37883333333333336
2489,0.8441666666666666
2490,0.30416666666666664
2491,0.8866666666666666
2492,0.9385714285714286
2493,1.0
2494,0.4538333333333333
2495,0.6816666666666665
2496,0.27416666666666667
2497,0.3386666666666667
2498,0.1465
2499,0.9336666666666666
2500,0.6983333333333333
2501,0.2808333333333333
